"","GeneID","F_heteroclitusMDPP_BW_1.quant","F_heteroclitusMDPP_BW_2.quant","F_heteroclitusMDPP_BW_3.quant","F_heteroclitusMDPP_FW_1.quant","F_heteroclitusMDPP_FW_2.quant","F_heteroclitusMDPP_FW_3.quant","F_heteroclitusMDPP_transfer_1.quant","F_heteroclitusMDPP_transfer_2.quant","F_heteroclitusMDPP_transfer_3.quant","baseMean.x","log2FoldChange.x","lfcSE.x","stat.x","pvalue.x","padj.x","baseMean.y","log2FoldChange.y","lfcSE.y","stat.y","pvalue.y","padj.y","Row","Trinity_contigID","Trinity_gene","Trinity_gene2,","dammit_ID","dammit_ID2","NCBI_Fhet"
"11509","ENSONIP00000003828","108.036453931809","111.556571835603","102.526038152776","141.110360250125","119.233726023883","111.102282725493","41.0885593226076","42.7086610343099","63.1255284868149",93.3875757514913,-1.31670414657189,0.304366766461011,-4.32604440321034,1.51810833185585e-05,0.00725267538389437,93.3875757514913,-1.11249270891831,0.30488075825613,-3.64894365679749,0.000263320842794963,0.071651509404566,45097,"TRINITY_DN208588_c0_g2_i7","TRINITY_DN208588_c0_g2","TRINITY_DN208588_c0_g2","Transcript_292479","Transcript_292479","gi|831522492|ref|XP_012718007.1| PREDICTED: kinesin-like protein KIFC3 [Fundulus heteroclitus]"
"11510","ENSONIP00000003828","108.036453931809","111.556571835603","102.526038152776","141.110360250125","119.233726023883","111.102282725493","41.0885593226076","42.7086610343099","63.1255284868149",93.3875757514913,-1.31670414657189,0.304366766461011,-4.32604440321034,1.51810833185585e-05,0.00725267538389437,93.3875757514913,-1.11249270891831,0.30488075825613,-3.64894365679749,0.000263320842794963,0.071651509404566,45099,"TRINITY_DN208588_c0_g2_i9","TRINITY_DN208588_c0_g2","TRINITY_DN208588_c0_g2","Transcript_292481","Transcript_292481","gi|831522492|ref|XP_012718007.1| PREDICTED: kinesin-like protein KIFC3 [Fundulus heteroclitus]"
"11511","ENSONIP00000003828","108.036453931809","111.556571835603","102.526038152776","141.110360250125","119.233726023883","111.102282725493","41.0885593226076","42.7086610343099","63.1255284868149",93.3875757514913,-1.31670414657189,0.304366766461011,-4.32604440321034,1.51810833185585e-05,0.00725267538389437,93.3875757514913,-1.11249270891831,0.30488075825613,-3.64894365679749,0.000263320842794963,0.071651509404566,45096,"TRINITY_DN208588_c0_g2_i4","TRINITY_DN208588_c0_g2","TRINITY_DN208588_c0_g2","Transcript_292476","Transcript_292476","gi|831522492|ref|XP_012718007.1| PREDICTED: kinesin-like protein KIFC3 [Fundulus heteroclitus]"
"11512","ENSONIP00000003828","108.036453931809","111.556571835603","102.526038152776","141.110360250125","119.233726023883","111.102282725493","41.0885593226076","42.7086610343099","63.1255284868149",93.3875757514913,-1.31670414657189,0.304366766461011,-4.32604440321034,1.51810833185585e-05,0.00725267538389437,93.3875757514913,-1.11249270891831,0.30488075825613,-3.64894365679749,0.000263320842794963,0.071651509404566,45094,"TRINITY_DN208588_c0_g2_i2","TRINITY_DN208588_c0_g2","TRINITY_DN208588_c0_g2","Transcript_292474","Transcript_292474","gi|831522492|ref|XP_012718007.1| PREDICTED: kinesin-like protein KIFC3 [Fundulus heteroclitus]"
"14191","ENSONIP00000009067","84.039269825363","93.2466347798861","147.578014334632","44.2931299618998","32.3688956481218","68.7842212189871","105.1721100945","236.834165227931","183.304950909625",110.624599111216,1.84732355140973,0.453850300478169,4.07033673760581,4.6945231170983e-05,0.0173211989383242,110.624599111216,0.703829551261111,0.445315009548829,1.58052061163219,0.113987690440799,0.999999489831301,6047,"TRINITY_DN199993_c1_g1_i2","TRINITY_DN199993_c1_g1","TRINITY_DN199993_c1_g1","Transcript_82316","Transcript_82316","gi|831485296|ref|XP_012705079.1| PREDICTED: serine/threonine-protein kinase WNK2-like [Fundulus heteroclitus]"
"14192","ENSONIP00000009067","84.039269825363","93.2466347798861","147.578014334632","44.2931299618998","32.3688956481218","68.7842212189871","105.1721100945","236.834165227931","183.304950909625",110.624599111216,1.84732355140973,0.453850300478169,4.07033673760581,4.6945231170983e-05,0.0173211989383242,110.624599111216,0.703829551261111,0.445315009548829,1.58052061163219,0.113987690440799,0.999999489831301,6048,"TRINITY_DN199993_c1_g1_i2","TRINITY_DN199993_c1_g1","TRINITY_DN199993_c1_g1","Transcript_82316","Transcript_82316","gi|831485298|ref|XP_012705080.1| PREDICTED: serine/threonine-protein kinase WNK2-like [Fundulus heteroclitus]"
"14193","ENSONIP00000009067","84.039269825363","93.2466347798861","147.578014334632","44.2931299618998","32.3688956481218","68.7842212189871","105.1721100945","236.834165227931","183.304950909625",110.624599111216,1.84732355140973,0.453850300478169,4.07033673760581,4.6945231170983e-05,0.0173211989383242,110.624599111216,0.703829551261111,0.445315009548829,1.58052061163219,0.113987690440799,0.999999489831301,6045,"TRINITY_DN199993_c1_g1_i1","TRINITY_DN199993_c1_g1","TRINITY_DN199993_c1_g1","Transcript_82315","Transcript_82315","gi|831485296|ref|XP_012705079.1| PREDICTED: serine/threonine-protein kinase WNK2-like [Fundulus heteroclitus]"
"14194","ENSONIP00000009067","84.039269825363","93.2466347798861","147.578014334632","44.2931299618998","32.3688956481218","68.7842212189871","105.1721100945","236.834165227931","183.304950909625",110.624599111216,1.84732355140973,0.453850300478169,4.07033673760581,4.6945231170983e-05,0.0173211989383242,110.624599111216,0.703829551261111,0.445315009548829,1.58052061163219,0.113987690440799,0.999999489831301,46652,"TRINITY_DN207386_c7_g1_i6","TRINITY_DN207386_c7_g1","TRINITY_DN207386_c7_g1","Transcript_296876","Transcript_296876","gi|831485298|ref|XP_012705080.1| PREDICTED: serine/threonine-protein kinase WNK2-like [Fundulus heteroclitus]"
"14195","ENSONIP00000009067","84.039269825363","93.2466347798861","147.578014334632","44.2931299618998","32.3688956481218","68.7842212189871","105.1721100945","236.834165227931","183.304950909625",110.624599111216,1.84732355140973,0.453850300478169,4.07033673760581,4.6945231170983e-05,0.0173211989383242,110.624599111216,0.703829551261111,0.445315009548829,1.58052061163219,0.113987690440799,0.999999489831301,46653,"TRINITY_DN207386_c7_g1_i6","TRINITY_DN207386_c7_g1","TRINITY_DN207386_c7_g1","Transcript_296876","Transcript_296876","gi|831485296|ref|XP_012705079.1| PREDICTED: serine/threonine-protein kinase WNK2-like [Fundulus heteroclitus]"
"14196","ENSONIP00000009067","84.039269825363","93.2466347798861","147.578014334632","44.2931299618998","32.3688956481218","68.7842212189871","105.1721100945","236.834165227931","183.304950909625",110.624599111216,1.84732355140973,0.453850300478169,4.07033673760581,4.6945231170983e-05,0.0173211989383242,110.624599111216,0.703829551261111,0.445315009548829,1.58052061163219,0.113987690440799,0.999999489831301,46655,"TRINITY_DN207386_c7_g1_i8","TRINITY_DN207386_c7_g1","TRINITY_DN207386_c7_g1","Transcript_296878","Transcript_296878","gi|831485298|ref|XP_012705080.1| PREDICTED: serine/threonine-protein kinase WNK2-like [Fundulus heteroclitus]"
"14197","ENSONIP00000009067","84.039269825363","93.2466347798861","147.578014334632","44.2931299618998","32.3688956481218","68.7842212189871","105.1721100945","236.834165227931","183.304950909625",110.624599111216,1.84732355140973,0.453850300478169,4.07033673760581,4.6945231170983e-05,0.0173211989383242,110.624599111216,0.703829551261111,0.445315009548829,1.58052061163219,0.113987690440799,0.999999489831301,6053,"TRINITY_DN199993_c1_g1_i5","TRINITY_DN199993_c1_g1","TRINITY_DN199993_c1_g1","Transcript_82319","Transcript_82319","gi|831485296|ref|XP_012705079.1| PREDICTED: serine/threonine-protein kinase WNK2-like [Fundulus heteroclitus]"
"14198","ENSONIP00000009067","84.039269825363","93.2466347798861","147.578014334632","44.2931299618998","32.3688956481218","68.7842212189871","105.1721100945","236.834165227931","183.304950909625",110.624599111216,1.84732355140973,0.453850300478169,4.07033673760581,4.6945231170983e-05,0.0173211989383242,110.624599111216,0.703829551261111,0.445315009548829,1.58052061163219,0.113987690440799,0.999999489831301,46651,"TRINITY_DN207386_c7_g1_i5","TRINITY_DN207386_c7_g1","TRINITY_DN207386_c7_g1","Transcript_296875","Transcript_296875","gi|831485298|ref|XP_012705080.1| PREDICTED: serine/threonine-protein kinase WNK2-like [Fundulus heteroclitus]"
"14199","ENSONIP00000009067","84.039269825363","93.2466347798861","147.578014334632","44.2931299618998","32.3688956481218","68.7842212189871","105.1721100945","236.834165227931","183.304950909625",110.624599111216,1.84732355140973,0.453850300478169,4.07033673760581,4.6945231170983e-05,0.0173211989383242,110.624599111216,0.703829551261111,0.445315009548829,1.58052061163219,0.113987690440799,0.999999489831301,46650,"TRINITY_DN207386_c7_g1_i5","TRINITY_DN207386_c7_g1","TRINITY_DN207386_c7_g1","Transcript_296875","Transcript_296875","gi|831485296|ref|XP_012705079.1| PREDICTED: serine/threonine-protein kinase WNK2-like [Fundulus heteroclitus]"
"14200","ENSONIP00000009067","84.039269825363","93.2466347798861","147.578014334632","44.2931299618998","32.3688956481218","68.7842212189871","105.1721100945","236.834165227931","183.304950909625",110.624599111216,1.84732355140973,0.453850300478169,4.07033673760581,4.6945231170983e-05,0.0173211989383242,110.624599111216,0.703829551261111,0.445315009548829,1.58052061163219,0.113987690440799,0.999999489831301,6046,"TRINITY_DN199993_c1_g1_i1","TRINITY_DN199993_c1_g1","TRINITY_DN199993_c1_g1","Transcript_82315","Transcript_82315","gi|831485298|ref|XP_012705080.1| PREDICTED: serine/threonine-protein kinase WNK2-like [Fundulus heteroclitus]"
"14201","ENSONIP00000009067","84.039269825363","93.2466347798861","147.578014334632","44.2931299618998","32.3688956481218","68.7842212189871","105.1721100945","236.834165227931","183.304950909625",110.624599111216,1.84732355140973,0.453850300478169,4.07033673760581,4.6945231170983e-05,0.0173211989383242,110.624599111216,0.703829551261111,0.445315009548829,1.58052061163219,0.113987690440799,0.999999489831301,46654,"TRINITY_DN207386_c7_g1_i8","TRINITY_DN207386_c7_g1","TRINITY_DN207386_c7_g1","Transcript_296878","Transcript_296878","gi|831485296|ref|XP_012705079.1| PREDICTED: serine/threonine-protein kinase WNK2-like [Fundulus heteroclitus]"
"14202","ENSONIP00000009067","84.039269825363","93.2466347798861","147.578014334632","44.2931299618998","32.3688956481218","68.7842212189871","105.1721100945","236.834165227931","183.304950909625",110.624599111216,1.84732355140973,0.453850300478169,4.07033673760581,4.6945231170983e-05,0.0173211989383242,110.624599111216,0.703829551261111,0.445315009548829,1.58052061163219,0.113987690440799,0.999999489831301,6054,"TRINITY_DN199993_c1_g1_i5","TRINITY_DN199993_c1_g1","TRINITY_DN199993_c1_g1","Transcript_82319","Transcript_82319","gi|831485298|ref|XP_012705080.1| PREDICTED: serine/threonine-protein kinase WNK2-like [Fundulus heteroclitus]"
"16557","ENSONIP00000013626","19.2139506510966","0","4.65320492945072","3.43081555767138","0","3.65300300659683","21.9542916528639","93.4982792805298","154.516230096546",33.4355305749728,5.19101009064646,1.3246553131531,3.91876289560204,8.90046155118053e-05,0.0298083303857921,33.4355305749728,3.5020983634631,1.25091859299695,2.79962132073899,0.00511625867471542,0.403301700531176,97163,"TRINITY_DN214431_c1_g1_i1","TRINITY_DN214431_c1_g1","TRINITY_DN214431_c1_g1","Transcript_462569","Transcript_462569","gi|831478055|ref|XP_012715614.1| PREDICTED: cyclin-dependent kinase 6 [Fundulus heteroclitus]"
"23578","ENSONIP00000025631","15.1213857586576","19.2962163084975","1.15547295807726","3.40539406866715","1.3172890201207","2.90559659837996","37.4027982550887","25.8614525144304","190.778742101022",33.0271497314379,5.02401938678453,1.10148614932055,4.56112806310237,5.08795366054696e-06,0.00340747519053328,33.0271497314379,2.82218911049771,1.00695854519148,2.80268648990019,0.00506789070726925,0.402469713047423,92283,"TRINITY_DN207006_c2_g1_i2","TRINITY_DN207006_c2_g1","TRINITY_DN207006_c2_g1","Transcript_446563","Transcript_446563","gi|831521360|ref|XP_012717601.1| PREDICTED: inter-alpha-trypsin inhibitor heavy chain H3-like [Fundulus heteroclitus]"
"26175","ENSORLP00000014927","7.22656204402174","6.57420101551811","2.19125873689323","1.04289920639755","0.841896724772548","0.456801139660874","29.6844130336116","32.2290111468826","6.24544772599941",9.61027675263975,4.78527405164097,1.21235711164125,3.94708292275601,7.91091634364459e-05,0.0269082402944999,9.61027675263975,1.99911502852666,1.02230163295388,1.95550409398285,0.0505236006192812,0.885542279584091,80106,"TRINITY_DN209307_c3_g1_i6","TRINITY_DN209307_c3_g1","TRINITY_DN209307_c3_g1","Transcript_406691","Transcript_406691","gi|831539898|ref|XP_012724180.1| PREDICTED: E3 ubiquitin-protein ligase AMFR [Fundulus heteroclitus]"
"26176","ENSORLP00000014927","7.22656204402174","6.57420101551811","2.19125873689323","1.04289920639755","0.841896724772548","0.456801139660874","29.6844130336116","32.2290111468826","6.24544772599941",9.61027675263975,4.78527405164097,1.21235711164125,3.94708292275601,7.91091634364459e-05,0.0269082402944999,9.61027675263975,1.99911502852666,1.02230163295388,1.95550409398285,0.0505236006192812,0.885542279584091,80101,"TRINITY_DN209307_c3_g1_i1","TRINITY_DN209307_c3_g1","TRINITY_DN209307_c3_g1","Transcript_406686","Transcript_406686","gi|831539895|ref|XP_012724179.1| PREDICTED: E3 ubiquitin-protein ligase AMFR [Fundulus heteroclitus]"
"26177","ENSORLP00000014927","7.22656204402174","6.57420101551811","2.19125873689323","1.04289920639755","0.841896724772548","0.456801139660874","29.6844130336116","32.2290111468826","6.24544772599941",9.61027675263975,4.78527405164097,1.21235711164125,3.94708292275601,7.91091634364459e-05,0.0269082402944999,9.61027675263975,1.99911502852666,1.02230163295388,1.95550409398285,0.0505236006192812,0.885542279584091,80102,"TRINITY_DN209307_c3_g1_i1","TRINITY_DN209307_c3_g1","TRINITY_DN209307_c3_g1","Transcript_406686","Transcript_406686","gi|831539898|ref|XP_012724180.1| PREDICTED: E3 ubiquitin-protein ligase AMFR [Fundulus heteroclitus]"
"26178","ENSORLP00000014927","7.22656204402174","6.57420101551811","2.19125873689323","1.04289920639755","0.841896724772548","0.456801139660874","29.6844130336116","32.2290111468826","6.24544772599941",9.61027675263975,4.78527405164097,1.21235711164125,3.94708292275601,7.91091634364459e-05,0.0269082402944999,9.61027675263975,1.99911502852666,1.02230163295388,1.95550409398285,0.0505236006192812,0.885542279584091,80104,"TRINITY_DN209307_c3_g1_i3","TRINITY_DN209307_c3_g1","TRINITY_DN209307_c3_g1","Transcript_406688","Transcript_406688","gi|831539898|ref|XP_012724180.1| PREDICTED: E3 ubiquitin-protein ligase AMFR [Fundulus heteroclitus]"
"26179","ENSORLP00000014927","7.22656204402174","6.57420101551811","2.19125873689323","1.04289920639755","0.841896724772548","0.456801139660874","29.6844130336116","32.2290111468826","6.24544772599941",9.61027675263975,4.78527405164097,1.21235711164125,3.94708292275601,7.91091634364459e-05,0.0269082402944999,9.61027675263975,1.99911502852666,1.02230163295388,1.95550409398285,0.0505236006192812,0.885542279584091,80105,"TRINITY_DN209307_c3_g1_i6","TRINITY_DN209307_c3_g1","TRINITY_DN209307_c3_g1","Transcript_406691","Transcript_406691","gi|831539895|ref|XP_012724179.1| PREDICTED: E3 ubiquitin-protein ligase AMFR [Fundulus heteroclitus]"
"26180","ENSORLP00000014927","7.22656204402174","6.57420101551811","2.19125873689323","1.04289920639755","0.841896724772548","0.456801139660874","29.6844130336116","32.2290111468826","6.24544772599941",9.61027675263975,4.78527405164097,1.21235711164125,3.94708292275601,7.91091634364459e-05,0.0269082402944999,9.61027675263975,1.99911502852666,1.02230163295388,1.95550409398285,0.0505236006192812,0.885542279584091,80103,"TRINITY_DN209307_c3_g1_i3","TRINITY_DN209307_c3_g1","TRINITY_DN209307_c3_g1","Transcript_406688","Transcript_406688","gi|831539895|ref|XP_012724179.1| PREDICTED: E3 ubiquitin-protein ligase AMFR [Fundulus heteroclitus]"
"27854","ENSORLP00000025887","29.8999767682057","14.086081997648","19.5304080955032","3.17470272518833","0.85631164082351","1.71146440287024","195.135415222574","10.4776127965765","25.3826841823222",33.3616286479679,5.24034545751371,1.08661571431665,4.82262992194001,1.4167768751593e-06,0.00102806052651143,33.3616286479679,1.80490527989501,1.00820351761487,1.79021918527414,0.0734186820366822,0.959691991381433,26617,"TRINITY_DN192044_c1_g3_i3","TRINITY_DN192044_c1_g3","TRINITY_DN192044_c1_g3","Transcript_231070","Transcript_231070","gi|226453364|ref|YP_002791113.1| cytochrome c oxidase subunit III (mitochondrion) [Fundulus heteroclitus]"
"27855","ENSORLP00000025887","29.8999767682057","14.086081997648","19.5304080955032","3.17470272518833","0.85631164082351","1.71146440287024","195.135415222574","10.4776127965765","25.3826841823222",33.3616286479679,5.24034545751371,1.08661571431665,4.82262992194001,1.4167768751593e-06,0.00102806052651143,33.3616286479679,1.80490527989501,1.00820351761487,1.79021918527414,0.0734186820366822,0.959691991381433,26000,"TRINITY_DN159802_c0_g1_i2","TRINITY_DN159802_c0_g1","TRINITY_DN159802_c0_g1","Transcript_226239","Transcript_226239","gi|226453364|ref|YP_002791113.1| cytochrome c oxidase subunit III (mitochondrion) [Fundulus heteroclitus]"
"27857","ENSORLP00000025893","44.5183798361195","27.2060908223215","35.9088885130422","11.5905191877595","5.55230171097629","3.01458406948184","121.25871515868","20.4961596686948","98.7342822037639",40.9199912412044,3.61034079669124,0.796306338923285,4.53385916979252,5.79156516375265e-06,0.00340747519053328,40.9199912412044,1.14375526992196,0.73229007319943,1.56188826229039,0.118314314098633,0.999999489831301,18913,"TRINITY_DN181711_c0_g1_i1","TRINITY_DN181711_c0_g1","TRINITY_DN181711_c0_g1","Transcript_179333","Transcript_179333","gi|226453370|ref|YP_002791119.1| cytochrome b (mitochondrion) [Fundulus heteroclitus]"
"27858","ENSORLP00000025893","44.5183798361195","27.2060908223215","35.9088885130422","11.5905191877595","5.55230171097629","3.01458406948184","121.25871515868","20.4961596686948","98.7342822037639",40.9199912412044,3.61034079669124,0.796306338923285,4.53385916979252,5.79156516375265e-06,0.00340747519053328,40.9199912412044,1.14375526992196,0.73229007319943,1.56188826229039,0.118314314098633,0.999999489831301,25552,"TRINITY_DN192233_c1_g1_i1","TRINITY_DN192233_c1_g1","TRINITY_DN192233_c1_g1","Transcript_220240","Transcript_220240","gi|226453370|ref|YP_002791119.1| cytochrome b (mitochondrion) [Fundulus heteroclitus]"
"27859","ENSORLP00000025893","44.5183798361195","27.2060908223215","35.9088885130422","11.5905191877595","5.55230171097629","3.01458406948184","121.25871515868","20.4961596686948","98.7342822037639",40.9199912412044,3.61034079669124,0.796306338923285,4.53385916979252,5.79156516375265e-06,0.00340747519053328,40.9199912412044,1.14375526992196,0.73229007319943,1.56188826229039,0.118314314098633,0.999999489831301,21584,"TRINITY_DN107557_c0_g1_i1","TRINITY_DN107557_c0_g1","TRINITY_DN107557_c0_g1","Transcript_196565","Transcript_196565","gi|226453370|ref|YP_002791119.1| cytochrome b (mitochondrion) [Fundulus heteroclitus]"
"27860","ENSORLP00000025893","44.5183798361195","27.2060908223215","35.9088885130422","11.5905191877595","5.55230171097629","3.01458406948184","121.25871515868","20.4961596686948","98.7342822037639",40.9199912412044,3.61034079669124,0.796306338923285,4.53385916979252,5.79156516375265e-06,0.00340747519053328,40.9199912412044,1.14375526992196,0.73229007319943,1.56188826229039,0.118314314098633,0.999999489831301,15905,"TRINITY_DN123789_c0_g1_i1","TRINITY_DN123789_c0_g1","TRINITY_DN123789_c0_g1","Transcript_156397","Transcript_156397","gi|226453370|ref|YP_002791119.1| cytochrome b (mitochondrion) [Fundulus heteroclitus]"
"27861","ENSORLP00000025893","44.5183798361195","27.2060908223215","35.9088885130422","11.5905191877595","5.55230171097629","3.01458406948184","121.25871515868","20.4961596686948","98.7342822037639",40.9199912412044,3.61034079669124,0.796306338923285,4.53385916979252,5.79156516375265e-06,0.00340747519053328,40.9199912412044,1.14375526992196,0.73229007319943,1.56188826229039,0.118314314098633,0.999999489831301,8063,"TRINITY_DN181030_c0_g1_i1","TRINITY_DN181030_c0_g1","TRINITY_DN181030_c0_g1","Transcript_98570","Transcript_98570","gi|226453370|ref|YP_002791119.1| cytochrome b (mitochondrion) [Fundulus heteroclitus]"
"45286","ENSXMAP00000002877","81.7987448377845","103.355573409254","116.261698324225","127.918969185494","151.890570720528","261.056218000842","62.0339298991879","77.7522165440606","62.721623979522",116.087727211211,-1.4181310216398,0.37301922204672,-3.80176392481505,0.00014366958764404,0.0411518849134619,116.087727211211,-0.566501742417037,0.37549831962441,-1.50866651809168,0.131384025985352,0.999999489831301,88894,"TRINITY_DN205171_c7_g1_i2","TRINITY_DN205171_c7_g1","TRINITY_DN205171_c7_g1","Transcript_434849","Transcript_434849","gi|831560253|ref|XP_012731319.1| PREDICTED: multidrug resistance-associated protein 4-like [Fundulus heteroclitus]"
"45287","ENSXMAP00000002877","81.7987448377845","103.355573409254","116.261698324225","127.918969185494","151.890570720528","261.056218000842","62.0339298991879","77.7522165440606","62.721623979522",116.087727211211,-1.4181310216398,0.37301922204672,-3.80176392481505,0.00014366958764404,0.0411518849134619,116.087727211211,-0.566501742417037,0.37549831962441,-1.50866651809168,0.131384025985352,0.999999489831301,36771,"TRINITY_DN213877_c1_g1_i1","TRINITY_DN213877_c1_g1","TRINITY_DN213877_c1_g1","Transcript_266906","Transcript_266906","gi|831560253|ref|XP_012731319.1| PREDICTED: multidrug resistance-associated protein 4-like [Fundulus heteroclitus]"
"45288","ENSXMAP00000002877","81.7987448377845","103.355573409254","116.261698324225","127.918969185494","151.890570720528","261.056218000842","62.0339298991879","77.7522165440606","62.721623979522",116.087727211211,-1.4181310216398,0.37301922204672,-3.80176392481505,0.00014366958764404,0.0411518849134619,116.087727211211,-0.566501742417037,0.37549831962441,-1.50866651809168,0.131384025985352,0.999999489831301,88895,"TRINITY_DN205171_c7_g1_i4","TRINITY_DN205171_c7_g1","TRINITY_DN205171_c7_g1","Transcript_434852","Transcript_434852","gi|831560253|ref|XP_012731319.1| PREDICTED: multidrug resistance-associated protein 4-like [Fundulus heteroclitus]"
"45289","ENSXMAP00000002877","81.7987448377845","103.355573409254","116.261698324225","127.918969185494","151.890570720528","261.056218000842","62.0339298991879","77.7522165440606","62.721623979522",116.087727211211,-1.4181310216398,0.37301922204672,-3.80176392481505,0.00014366958764404,0.0411518849134619,116.087727211211,-0.566501742417037,0.37549831962441,-1.50866651809168,0.131384025985352,0.999999489831301,36777,"TRINITY_DN213877_c1_g1_i4","TRINITY_DN213877_c1_g1","TRINITY_DN213877_c1_g1","Transcript_266909","Transcript_266909","gi|831560253|ref|XP_012731319.1| PREDICTED: multidrug resistance-associated protein 4-like [Fundulus heteroclitus]"
"45290","ENSXMAP00000002877","81.7987448377845","103.355573409254","116.261698324225","127.918969185494","151.890570720528","261.056218000842","62.0339298991879","77.7522165440606","62.721623979522",116.087727211211,-1.4181310216398,0.37301922204672,-3.80176392481505,0.00014366958764404,0.0411518849134619,116.087727211211,-0.566501742417037,0.37549831962441,-1.50866651809168,0.131384025985352,0.999999489831301,88896,"TRINITY_DN205171_c7_g1_i7","TRINITY_DN205171_c7_g1","TRINITY_DN205171_c7_g1","Transcript_434856","Transcript_434856","gi|831560253|ref|XP_012731319.1| PREDICTED: multidrug resistance-associated protein 4-like [Fundulus heteroclitus]"
"45291","ENSXMAP00000002877","81.7987448377845","103.355573409254","116.261698324225","127.918969185494","151.890570720528","261.056218000842","62.0339298991879","77.7522165440606","62.721623979522",116.087727211211,-1.4181310216398,0.37301922204672,-3.80176392481505,0.00014366958764404,0.0411518849134619,116.087727211211,-0.566501742417037,0.37549831962441,-1.50866651809168,0.131384025985352,0.999999489831301,36772,"TRINITY_DN213877_c1_g1_i2","TRINITY_DN213877_c1_g1","TRINITY_DN213877_c1_g1","Transcript_266907","Transcript_266907","gi|831560253|ref|XP_012731319.1| PREDICTED: multidrug resistance-associated protein 4-like [Fundulus heteroclitus]"
"45292","ENSXMAP00000002877","81.7987448377845","103.355573409254","116.261698324225","127.918969185494","151.890570720528","261.056218000842","62.0339298991879","77.7522165440606","62.721623979522",116.087727211211,-1.4181310216398,0.37301922204672,-3.80176392481505,0.00014366958764404,0.0411518849134619,116.087727211211,-0.566501742417037,0.37549831962441,-1.50866651809168,0.131384025985352,0.999999489831301,36778,"TRINITY_DN213877_c1_g1_i6","TRINITY_DN213877_c1_g1","TRINITY_DN213877_c1_g1","Transcript_266911","Transcript_266911","gi|831560253|ref|XP_012731319.1| PREDICTED: multidrug resistance-associated protein 4-like [Fundulus heteroclitus]"
"45293","ENSXMAP00000002877","81.7987448377845","103.355573409254","116.261698324225","127.918969185494","151.890570720528","261.056218000842","62.0339298991879","77.7522165440606","62.721623979522",116.087727211211,-1.4181310216398,0.37301922204672,-3.80176392481505,0.00014366958764404,0.0411518849134619,116.087727211211,-0.566501742417037,0.37549831962441,-1.50866651809168,0.131384025985352,0.999999489831301,88893,"TRINITY_DN205171_c7_g1_i1","TRINITY_DN205171_c7_g1","TRINITY_DN205171_c7_g1","Transcript_434848","Transcript_434848","gi|831560253|ref|XP_012731319.1| PREDICTED: multidrug resistance-associated protein 4-like [Fundulus heteroclitus]"
"47286","ENSXMAP00000003491","27.2588505554789","0","0","0","0","0","96.6025291717284","38.6053508493285","28.7112857827093",21.2420018176939,8.30734638268349,2.18325650139025,3.80502537259985,0.000141789655523376,0.0411518849134619,21.2420018176939,2.58038523312801,1.85637390497224,1.39001373926692,0.164524705307387,0.999999489831301,101240,"TRINITY_DN200120_c1_g1_i1","TRINITY_DN200120_c1_g1","TRINITY_DN200120_c1_g1","Transcript_472674","Transcript_472674","gi|831539439|ref|XP_012724016.1| PREDICTED: chromatin accessibility complex protein 1 [Fundulus heteroclitus]"
"50771","ENSXMAP00000004467","348.909532142274","262.038645508923","392.777357478706","145.989237302387","168.165364873687","171.1376854325","324.427876189829","398.2685940667","562.156751853767",308.207893872086,1.41036959822772,0.288144815608676,4.89465547123749,9.8478098342757e-07,0.000765632043865528,308.207893872086,0.363952039145034,0.284921710913212,1.2773755919776,0.20146967767253,0.999999489831301,110156,"TRINITY_DN202883_c10_g1_i1","TRINITY_DN202883_c10_g1","TRINITY_DN202883_c10_g1","Transcript_497016","Transcript_497016","gi|831518266|ref|XP_012716513.1| PREDICTED: B-cell lymphoma 6 protein-like [Fundulus heteroclitus]"
"50772","ENSXMAP00000004467","348.909532142274","262.038645508923","392.777357478706","145.989237302387","168.165364873687","171.1376854325","324.427876189829","398.2685940667","562.156751853767",308.207893872086,1.41036959822772,0.288144815608676,4.89465547123749,9.8478098342757e-07,0.000765632043865528,308.207893872086,0.363952039145034,0.284921710913212,1.2773755919776,0.20146967767253,0.999999489831301,110164,"TRINITY_DN202883_c10_g1_i4","TRINITY_DN202883_c10_g1","TRINITY_DN202883_c10_g1","Transcript_497019","Transcript_497019","gi|831518269|ref|XP_012716514.1| PREDICTED: B-cell lymphoma 6 protein-like [Fundulus heteroclitus]"
"50773","ENSXMAP00000004467","348.909532142274","262.038645508923","392.777357478706","145.989237302387","168.165364873687","171.1376854325","324.427876189829","398.2685940667","562.156751853767",308.207893872086,1.41036959822772,0.288144815608676,4.89465547123749,9.8478098342757e-07,0.000765632043865528,308.207893872086,0.363952039145034,0.284921710913212,1.2773755919776,0.20146967767253,0.999999489831301,110163,"TRINITY_DN202883_c10_g1_i3","TRINITY_DN202883_c10_g1","TRINITY_DN202883_c10_g1","Transcript_497018","Transcript_497018","gi|831518266|ref|XP_012716513.1| PREDICTED: B-cell lymphoma 6 protein-like [Fundulus heteroclitus]"
"50774","ENSXMAP00000004467","348.909532142274","262.038645508923","392.777357478706","145.989237302387","168.165364873687","171.1376854325","324.427876189829","398.2685940667","562.156751853767",308.207893872086,1.41036959822772,0.288144815608676,4.89465547123749,9.8478098342757e-07,0.000765632043865528,308.207893872086,0.363952039145034,0.284921710913212,1.2773755919776,0.20146967767253,0.999999489831301,110165,"TRINITY_DN202883_c10_g1_i4","TRINITY_DN202883_c10_g1","TRINITY_DN202883_c10_g1","Transcript_497019","Transcript_497019","gi|831518266|ref|XP_012716513.1| PREDICTED: B-cell lymphoma 6 protein-like [Fundulus heteroclitus]"
"50775","ENSXMAP00000004467","348.909532142274","262.038645508923","392.777357478706","145.989237302387","168.165364873687","171.1376854325","324.427876189829","398.2685940667","562.156751853767",308.207893872086,1.41036959822772,0.288144815608676,4.89465547123749,9.8478098342757e-07,0.000765632043865528,308.207893872086,0.363952039145034,0.284921710913212,1.2773755919776,0.20146967767253,0.999999489831301,110162,"TRINITY_DN202883_c10_g1_i3","TRINITY_DN202883_c10_g1","TRINITY_DN202883_c10_g1","Transcript_497018","Transcript_497018","gi|831518269|ref|XP_012716514.1| PREDICTED: B-cell lymphoma 6 protein-like [Fundulus heteroclitus]"
"50776","ENSXMAP00000004467","348.909532142274","262.038645508923","392.777357478706","145.989237302387","168.165364873687","171.1376854325","324.427876189829","398.2685940667","562.156751853767",308.207893872086,1.41036959822772,0.288144815608676,4.89465547123749,9.8478098342757e-07,0.000765632043865528,308.207893872086,0.363952039145034,0.284921710913212,1.2773755919776,0.20146967767253,0.999999489831301,110157,"TRINITY_DN202883_c10_g1_i1","TRINITY_DN202883_c10_g1","TRINITY_DN202883_c10_g1","Transcript_497016","Transcript_497016","gi|831518269|ref|XP_012716514.1| PREDICTED: B-cell lymphoma 6 protein-like [Fundulus heteroclitus]"
"60149","ENSXMAP00000007022","1.50492250396693","0.678545041776094","0","130.795830677512","0","97.1944884251851","0","0","0",25.57486518316,-8.38387373909619,2.03700971443855,-4.11577504008467,3.85880535621257e-05,0.0152731515998894,25.57486518316,-1.74976548797159,2.21520879168116,-0.789887388738496,0.429593537080535,0.999999489831301,4888,"TRINITY_DN188778_c1_g1_i5","TRINITY_DN188778_c1_g1","TRINITY_DN188778_c1_g1","Transcript_69983","Transcript_69983","gi|831538757|ref|XP_012723777.1| PREDICTED: MAGUK p55 subfamily member 7-like [Fundulus heteroclitus]"
"60150","ENSXMAP00000007022","1.50492250396693","0.678545041776094","0","130.795830677512","0","97.1944884251851","0","0","0",25.57486518316,-8.38387373909619,2.03700971443855,-4.11577504008467,3.85880535621257e-05,0.0152731515998894,25.57486518316,-1.74976548797159,2.21520879168116,-0.789887388738496,0.429593537080535,0.999999489831301,4887,"TRINITY_DN188778_c1_g1_i4","TRINITY_DN188778_c1_g1","TRINITY_DN188778_c1_g1","Transcript_69982","Transcript_69982","gi|831538757|ref|XP_012723777.1| PREDICTED: MAGUK p55 subfamily member 7-like [Fundulus heteroclitus]"
"63841","ENSXMAP00000008055","121.468073109446","177.317033230407","115.489542295703","364.302829730045","370.669290429363","216.417556846991","93.9668159641636","98.8601652341158","84.0530873679968",182.504932689804,-1.7788795431064,0.328165807283617,-5.42067303669148,5.93750691192241e-08,7.18075488697994e-05,182.504932689804,-0.586149774063384,0.331165077879174,-1.7699625148194,0.0767333854531485,0.966158773981797,39981,"TRINITY_DN208643_c3_g4_i2","TRINITY_DN208643_c3_g4","TRINITY_DN208643_c3_g4","Transcript_276352","Transcript_276352","gi|831525396|ref|XP_012719035.1| PREDICTED: LOW QUALITY PROTEIN: transient receptor potential cation channel subfamily V member 4 [Fundulus heteroclitus]"
"63842","ENSXMAP00000008055","121.468073109446","177.317033230407","115.489542295703","364.302829730045","370.669290429363","216.417556846991","93.9668159641636","98.8601652341158","84.0530873679968",182.504932689804,-1.7788795431064,0.328165807283617,-5.42067303669148,5.93750691192241e-08,7.18075488697994e-05,182.504932689804,-0.586149774063384,0.331165077879174,-1.7699625148194,0.0767333854531485,0.966158773981797,39982,"TRINITY_DN208643_c3_g4_i4","TRINITY_DN208643_c3_g4","TRINITY_DN208643_c3_g4","Transcript_276354","Transcript_276354","gi|831525396|ref|XP_012719035.1| PREDICTED: LOW QUALITY PROTEIN: transient receptor potential cation channel subfamily V member 4 [Fundulus heteroclitus]"
"63843","ENSXMAP00000008055","121.468073109446","177.317033230407","115.489542295703","364.302829730045","370.669290429363","216.417556846991","93.9668159641636","98.8601652341158","84.0530873679968",182.504932689804,-1.7788795431064,0.328165807283617,-5.42067303669148,5.93750691192241e-08,7.18075488697994e-05,182.504932689804,-0.586149774063384,0.331165077879174,-1.7699625148194,0.0767333854531485,0.966158773981797,39980,"TRINITY_DN208643_c3_g4_i1","TRINITY_DN208643_c3_g4","TRINITY_DN208643_c3_g4","Transcript_276351","Transcript_276351","gi|831525396|ref|XP_012719035.1| PREDICTED: LOW QUALITY PROTEIN: transient receptor potential cation channel subfamily V member 4 [Fundulus heteroclitus]"
"68569","ENSXMAP00000009410","14.4057197222495","12.6170793550835","8.1120355652048","6.81604826289133","9.18840401717467","10.9619941744183","15.4545025765324","105.618915079282","121.114005558437",33.8098560345859,3.17663916432761,0.765574911846299,4.14935118062669,3.33418966661243e-05,0.0145163949704972,33.8098560345859,2.7864493759342,0.751360795113431,3.70853708904726,0.000208460129904688,0.0648056686317149,42065,"TRINITY_DN205855_c0_g1_i2","TRINITY_DN205855_c0_g1","TRINITY_DN205855_c0_g1","Transcript_282844","Transcript_282844","gi|831573240|ref|XP_012735633.1| PREDICTED: villin-like protein isoform X2 [Fundulus heteroclitus]"
"68570","ENSXMAP00000009410","14.4057197222495","12.6170793550835","8.1120355652048","6.81604826289133","9.18840401717467","10.9619941744183","15.4545025765324","105.618915079282","121.114005558437",33.8098560345859,3.17663916432761,0.765574911846299,4.14935118062669,3.33418966661243e-05,0.0145163949704972,33.8098560345859,2.7864493759342,0.751360795113431,3.70853708904726,0.000208460129904688,0.0648056686317149,42066,"TRINITY_DN205855_c0_g1_i2","TRINITY_DN205855_c0_g1","TRINITY_DN205855_c0_g1","Transcript_282844","Transcript_282844","gi|831575950|ref|XP_012736593.1| PREDICTED: advillin [Fundulus heteroclitus]"
"77135","ENSXMAP00000011441","161.944196551666","270.90820330154","271.065024252762","504.301945390739","412.71263258734","690.642539510127","173.548011030735","201.359264285044","277.649971408756",329.347976479856,-1.29699401943593,0.333780514205159,-3.88576913342141,0.00010200641328866,0.0331429494161318,329.347976479856,-0.103005333854713,0.335825606758867,-0.306722691127821,0.759054456746159,0.999999489831301,37551,"TRINITY_DN213459_c0_g2_i3","TRINITY_DN213459_c0_g2","TRINITY_DN213459_c0_g2","Transcript_268551","Transcript_268551","gi|831559543|ref|XP_012731081.1| PREDICTED: uncharacterized protein LOC105935293 [Fundulus heteroclitus]"
"77136","ENSXMAP00000011441","161.944196551666","270.90820330154","271.065024252762","504.301945390739","412.71263258734","690.642539510127","173.548011030735","201.359264285044","277.649971408756",329.347976479856,-1.29699401943593,0.333780514205159,-3.88576913342141,0.00010200641328866,0.0331429494161318,329.347976479856,-0.103005333854713,0.335825606758867,-0.306722691127821,0.759054456746159,0.999999489831301,37549,"TRINITY_DN213459_c0_g2_i1","TRINITY_DN213459_c0_g2","TRINITY_DN213459_c0_g2","Transcript_268548","Transcript_268548","gi|831559543|ref|XP_012731081.1| PREDICTED: uncharacterized protein LOC105935293 [Fundulus heteroclitus]"
"77137","ENSXMAP00000011441","161.944196551666","270.90820330154","271.065024252762","504.301945390739","412.71263258734","690.642539510127","173.548011030735","201.359264285044","277.649971408756",329.347976479856,-1.29699401943593,0.333780514205159,-3.88576913342141,0.00010200641328866,0.0331429494161318,329.347976479856,-0.103005333854713,0.335825606758867,-0.306722691127821,0.759054456746159,0.999999489831301,37550,"TRINITY_DN213459_c0_g2_i2","TRINITY_DN213459_c0_g2","TRINITY_DN213459_c0_g2","Transcript_268550","Transcript_268550","gi|831559543|ref|XP_012731081.1| PREDICTED: uncharacterized protein LOC105935293 [Fundulus heteroclitus]"
"80225","ENSXMAP00000012225","7.83402003255734","0","18.6379995435572","0","0","0","19.2909566231836","65.1992811014525","58.0306790073871",18.7769929231264,8.11503669127008,1.78568426316568,4.5444969520444,5.50666040876022e-06,0.00340747519053328,18.7769929231264,2.45612760323672,1.36780213718778,1.79567463484635,0.0725462782349244,0.955985415504586,92083,"TRINITY_DN207084_c6_g1_i5","TRINITY_DN207084_c6_g1","TRINITY_DN207084_c6_g1","Transcript_446031","Transcript_446031","gi|831497375|ref|XP_012709358.1| PREDICTED: mesencephalic astrocyte-derived neurotrophic factor [Fundulus heteroclitus]"
"85857","ENSXMAP00000013897","1.88536100623438","3.553079717418","2.7508477590615","2.03504508442198","0","1.71934530748092","8.14691193099052","64.1116521974036","39.8402330584117",13.7824973401581,4.7382574176759,1.10765165758213,4.2777504870249,1.88791463410945e-05,0.00874425822764438,13.7824973401581,3.77131763925798,1.0051356770887,3.75204833061077,0.000175395639811272,0.0594936695220446,18277,"TRINITY_DN190187_c2_g1_i1","TRINITY_DN190187_c2_g1","TRINITY_DN190187_c2_g1","Transcript_174428","Transcript_174428","gi|831528322|ref|XP_012720075.1| PREDICTED: iroquois-class homeodomain protein irx-1-like [Fundulus heteroclitus]"
"85858","ENSXMAP00000013897","1.88536100623438","3.553079717418","2.7508477590615","2.03504508442198","0","1.71934530748092","8.14691193099052","64.1116521974036","39.8402330584117",13.7824973401581,4.7382574176759,1.10765165758213,4.2777504870249,1.88791463410945e-05,0.00874425822764438,13.7824973401581,3.77131763925798,1.0051356770887,3.75204833061077,0.000175395639811272,0.0594936695220446,22798,"TRINITY_DN198020_c2_g1_i1","TRINITY_DN198020_c2_g1","TRINITY_DN198020_c2_g1","Transcript_205845","Transcript_205845","gi|831528322|ref|XP_012720075.1| PREDICTED: iroquois-class homeodomain protein irx-1-like [Fundulus heteroclitus]"
"96205","ENSXMAP00000016650","2752.43226155949","3412.41116044637","3013.38733443895","5877.33456935518","950.520060571053","9914.96701027288","286.351754119917","1428.31338008228","116.686498430846",3083.60044769744,-3.17265439279341,0.822554492752866,-3.85707502754668,0.000114751948137832,0.0362034081016299,3083.60044769744,-2.30534690851421,0.822587971288602,-2.8025536343582,0.00506997855018143,0.402469713047423,90669,"TRINITY_DN209724_c2_g1_i4","TRINITY_DN209724_c2_g1","TRINITY_DN209724_c2_g1","Transcript_440491","Transcript_440491","gi|831506349|ref|XP_012712511.1| PREDICTED: stonustoxin subunit alpha-like [Fundulus heteroclitus]"
"96206","ENSXMAP00000016650","2752.43226155949","3412.41116044637","3013.38733443895","5877.33456935518","950.520060571053","9914.96701027288","286.351754119917","1428.31338008228","116.686498430846",3083.60044769744,-3.17265439279341,0.822554492752866,-3.85707502754668,0.000114751948137832,0.0362034081016299,3083.60044769744,-2.30534690851421,0.822587971288602,-2.8025536343582,0.00506997855018143,0.402469713047423,90671,"TRINITY_DN209724_c2_g3_i1","TRINITY_DN209724_c2_g3","TRINITY_DN209724_c2_g3","Transcript_440501","Transcript_440501","gi|831506349|ref|XP_012712511.1| PREDICTED: stonustoxin subunit alpha-like [Fundulus heteroclitus]"
"96207","ENSXMAP00000016650","2752.43226155949","3412.41116044637","3013.38733443895","5877.33456935518","950.520060571053","9914.96701027288","286.351754119917","1428.31338008228","116.686498430846",3083.60044769744,-3.17265439279341,0.822554492752866,-3.85707502754668,0.000114751948137832,0.0362034081016299,3083.60044769744,-2.30534690851421,0.822587971288602,-2.8025536343582,0.00506997855018143,0.402469713047423,90670,"TRINITY_DN209724_c2_g1_i5","TRINITY_DN209724_c2_g1","TRINITY_DN209724_c2_g1","Transcript_440492","Transcript_440492","gi|831506349|ref|XP_012712511.1| PREDICTED: stonustoxin subunit alpha-like [Fundulus heteroclitus]"
"97337","ENSXMAP00000017021","6.08449636754869","4.25591140297181","10.1618668622887","0","0","0","18.5133130636176","12.3174437853821","13.756820245729",7.23220574750421,6.44440840120569,1.48569262190508,4.33764582672703,1.44016979762382e-05,0.00712524007374385,7.23220574750421,1.11875375066224,0.955445941347687,1.17092312840243,0.241629677566842,0.999999489831301,58735,"TRINITY_DN214803_c1_g1_i6","TRINITY_DN214803_c1_g1","TRINITY_DN214803_c1_g1","Transcript_337943","Transcript_337943","gi|831577115|ref|XP_012737010.1| PREDICTED: ataxin-7-like protein 3 isoform X1 [Fundulus heteroclitus]"
"97338","ENSXMAP00000017021","6.08449636754869","4.25591140297181","10.1618668622887","0","0","0","18.5133130636176","12.3174437853821","13.756820245729",7.23220574750421,6.44440840120569,1.48569262190508,4.33764582672703,1.44016979762382e-05,0.00712524007374385,7.23220574750421,1.11875375066224,0.955445941347687,1.17092312840243,0.241629677566842,0.999999489831301,58736,"TRINITY_DN214803_c1_g1_i6","TRINITY_DN214803_c1_g1","TRINITY_DN214803_c1_g1","Transcript_337943","Transcript_337943","gi|831577118|ref|XP_012737011.1| PREDICTED: ataxin-7-like protein 3 isoform X2 [Fundulus heteroclitus]"
"97339","ENSXMAP00000017021","6.08449636754869","4.25591140297181","10.1618668622887","0","0","0","18.5133130636176","12.3174437853821","13.756820245729",7.23220574750421,6.44440840120569,1.48569262190508,4.33764582672703,1.44016979762382e-05,0.00712524007374385,7.23220574750421,1.11875375066224,0.955445941347687,1.17092312840243,0.241629677566842,0.999999489831301,58737,"TRINITY_DN214803_c1_g1_i6","TRINITY_DN214803_c1_g1","TRINITY_DN214803_c1_g1","Transcript_337943","Transcript_337943","gi|831577121|ref|XP_012737012.1| PREDICTED: ataxin-7-like protein 3 isoform X3 [Fundulus heteroclitus]"
"98608","ENSXMAP00000017409","59.0960983730222","83.9454646919932","60.3148115176863","123.732281933203","179.22241209035","147.031444647799","26.5457536788079","55.3958419588981","67.9542603692769",89.2487076956707,-1.54613777899442,0.401710559568869,-3.84888507948061,0.000118656654290759,0.0366201901106387,89.2487076956707,-0.406949541389968,0.409020301459729,-0.994937268242258,0.319766775592149,0.999999489831301,34526,"TRINITY_DN212074_c0_g1_i11","TRINITY_DN212074_c0_g1_","TRINITY_DN212074_c0_g1_","Transcript_262117","Transcript_262117","gi|831478369|ref|XP_012716460.1| PREDICTED: transient receptor potential cation channel subfamily M member 4-like isoform X1 [Fundulus heteroclitus]"
"98609","ENSXMAP00000017409","59.0960983730222","83.9454646919932","60.3148115176863","123.732281933203","179.22241209035","147.031444647799","26.5457536788079","55.3958419588981","67.9542603692769",89.2487076956707,-1.54613777899442,0.401710559568869,-3.84888507948061,0.000118656654290759,0.0366201901106387,89.2487076956707,-0.406949541389968,0.409020301459729,-0.994937268242258,0.319766775592149,0.999999489831301,86935,"TRINITY_DN214275_c1_g2_i1","TRINITY_DN214275_c1_g2","TRINITY_DN214275_c1_g2","Transcript_429099","Transcript_429099","gi|831478369|ref|XP_012716460.1| PREDICTED: transient receptor potential cation channel subfamily M member 4-like isoform X1 [Fundulus heteroclitus]"
"98610","ENSXMAP00000017409","59.0960983730222","83.9454646919932","60.3148115176863","123.732281933203","179.22241209035","147.031444647799","26.5457536788079","55.3958419588981","67.9542603692769",89.2487076956707,-1.54613777899442,0.401710559568869,-3.84888507948061,0.000118656654290759,0.0366201901106387,89.2487076956707,-0.406949541389968,0.409020301459729,-0.994937268242258,0.319766775592149,0.999999489831301,86945,"TRINITY_DN214275_c1_g3_i3","TRINITY_DN214275_c1_g3","TRINITY_DN214275_c1_g3","Transcript_429104","Transcript_429104","gi|831478369|ref|XP_012716460.1| PREDICTED: transient receptor potential cation channel subfamily M member 4-like isoform X1 [Fundulus heteroclitus]"
"98611","ENSXMAP00000017409","59.0960983730222","83.9454646919932","60.3148115176863","123.732281933203","179.22241209035","147.031444647799","26.5457536788079","55.3958419588981","67.9542603692769",89.2487076956707,-1.54613777899442,0.401710559568869,-3.84888507948061,0.000118656654290759,0.0366201901106387,89.2487076956707,-0.406949541389968,0.409020301459729,-0.994937268242258,0.319766775592149,0.999999489831301,86946,"TRINITY_DN214275_c1_g3_i3","TRINITY_DN214275_c1_g3","TRINITY_DN214275_c1_g3","Transcript_429104","Transcript_429104","gi|831478366|ref|XP_012716447.1| PREDICTED: transient receptor potential cation channel subfamily M member 4-like [Fundulus heteroclitus]"
"98612","ENSXMAP00000017409","59.0960983730222","83.9454646919932","60.3148115176863","123.732281933203","179.22241209035","147.031444647799","26.5457536788079","55.3958419588981","67.9542603692769",89.2487076956707,-1.54613777899442,0.401710559568869,-3.84888507948061,0.000118656654290759,0.0366201901106387,89.2487076956707,-0.406949541389968,0.409020301459729,-0.994937268242258,0.319766775592149,0.999999489831301,34525,"TRINITY_DN212074_c0_g1_i11","TRINITY_DN212074_c0_g1_","TRINITY_DN212074_c0_g1_","Transcript_262117","Transcript_262117","gi|831478372|ref|XP_012716468.1| PREDICTED: transient receptor potential cation channel subfamily M member 4-like isoform X2 [Fundulus heteroclitus]"
"98613","ENSXMAP00000017409","59.0960983730222","83.9454646919932","60.3148115176863","123.732281933203","179.22241209035","147.031444647799","26.5457536788079","55.3958419588981","67.9542603692769",89.2487076956707,-1.54613777899442,0.401710559568869,-3.84888507948061,0.000118656654290759,0.0366201901106387,89.2487076956707,-0.406949541389968,0.409020301459729,-0.994937268242258,0.319766775592149,0.999999489831301,34528,"TRINITY_DN212074_c0_g3_i1","TRINITY_DN212074_c0_g3","TRINITY_DN212074_c0_g3","Transcript_262119","Transcript_262119","gi|831478372|ref|XP_012716468.1| PREDICTED: transient receptor potential cation channel subfamily M member 4-like isoform X2 [Fundulus heteroclitus]"
"98614","ENSXMAP00000017409","59.0960983730222","83.9454646919932","60.3148115176863","123.732281933203","179.22241209035","147.031444647799","26.5457536788079","55.3958419588981","67.9542603692769",89.2487076956707,-1.54613777899442,0.401710559568869,-3.84888507948061,0.000118656654290759,0.0366201901106387,89.2487076956707,-0.406949541389968,0.409020301459729,-0.994937268242258,0.319766775592149,0.999999489831301,34534,"TRINITY_DN212074_c0_g3_i3","TRINITY_DN212074_c0_g3","TRINITY_DN212074_c0_g3","Transcript_262121","Transcript_262121","gi|831478372|ref|XP_012716468.1| PREDICTED: transient receptor potential cation channel subfamily M member 4-like isoform X2 [Fundulus heteroclitus]"
"98615","ENSXMAP00000017409","59.0960983730222","83.9454646919932","60.3148115176863","123.732281933203","179.22241209035","147.031444647799","26.5457536788079","55.3958419588981","67.9542603692769",89.2487076956707,-1.54613777899442,0.401710559568869,-3.84888507948061,0.000118656654290759,0.0366201901106387,89.2487076956707,-0.406949541389968,0.409020301459729,-0.994937268242258,0.319766775592149,0.999999489831301,34535,"TRINITY_DN212074_c0_g3_i3","TRINITY_DN212074_c0_g3","TRINITY_DN212074_c0_g3","Transcript_262121","Transcript_262121","gi|831478369|ref|XP_012716460.1| PREDICTED: transient receptor potential cation channel subfamily M member 4-like isoform X1 [Fundulus heteroclitus]"
"98616","ENSXMAP00000017409","59.0960983730222","83.9454646919932","60.3148115176863","123.732281933203","179.22241209035","147.031444647799","26.5457536788079","55.3958419588981","67.9542603692769",89.2487076956707,-1.54613777899442,0.401710559568869,-3.84888507948061,0.000118656654290759,0.0366201901106387,89.2487076956707,-0.406949541389968,0.409020301459729,-0.994937268242258,0.319766775592149,0.999999489831301,34540,"TRINITY_DN212074_c0_g4_i3","TRINITY_DN212074_c0_g4","TRINITY_DN212074_c0_g4","Transcript_262124","Transcript_262124","gi|831478366|ref|XP_012716447.1| PREDICTED: transient receptor potential cation channel subfamily M member 4-like [Fundulus heteroclitus]"
"98617","ENSXMAP00000017409","59.0960983730222","83.9454646919932","60.3148115176863","123.732281933203","179.22241209035","147.031444647799","26.5457536788079","55.3958419588981","67.9542603692769",89.2487076956707,-1.54613777899442,0.401710559568869,-3.84888507948061,0.000118656654290759,0.0366201901106387,89.2487076956707,-0.406949541389968,0.409020301459729,-0.994937268242258,0.319766775592149,0.999999489831301,34533,"TRINITY_DN212074_c0_g3_i3","TRINITY_DN212074_c0_g3","TRINITY_DN212074_c0_g3","Transcript_262121","Transcript_262121","gi|831478366|ref|XP_012716447.1| PREDICTED: transient receptor potential cation channel subfamily M member 4-like [Fundulus heteroclitus]"
"98618","ENSXMAP00000017409","59.0960983730222","83.9454646919932","60.3148115176863","123.732281933203","179.22241209035","147.031444647799","26.5457536788079","55.3958419588981","67.9542603692769",89.2487076956707,-1.54613777899442,0.401710559568869,-3.84888507948061,0.000118656654290759,0.0366201901106387,89.2487076956707,-0.406949541389968,0.409020301459729,-0.994937268242258,0.319766775592149,0.999999489831301,86934,"TRINITY_DN214275_c1_g2_i1","TRINITY_DN214275_c1_g2","TRINITY_DN214275_c1_g2","Transcript_429099","Transcript_429099","gi|831478372|ref|XP_012716468.1| PREDICTED: transient receptor potential cation channel subfamily M member 4-like isoform X2 [Fundulus heteroclitus]"
"98619","ENSXMAP00000017409","59.0960983730222","83.9454646919932","60.3148115176863","123.732281933203","179.22241209035","147.031444647799","26.5457536788079","55.3958419588981","67.9542603692769",89.2487076956707,-1.54613777899442,0.401710559568869,-3.84888507948061,0.000118656654290759,0.0366201901106387,89.2487076956707,-0.406949541389968,0.409020301459729,-0.994937268242258,0.319766775592149,0.999999489831301,86933,"TRINITY_DN214275_c1_g2_i1","TRINITY_DN214275_c1_g2","TRINITY_DN214275_c1_g2","Transcript_429099","Transcript_429099","gi|831478366|ref|XP_012716447.1| PREDICTED: transient receptor potential cation channel subfamily M member 4-like [Fundulus heteroclitus]"
"98620","ENSXMAP00000017409","59.0960983730222","83.9454646919932","60.3148115176863","123.732281933203","179.22241209035","147.031444647799","26.5457536788079","55.3958419588981","67.9542603692769",89.2487076956707,-1.54613777899442,0.401710559568869,-3.84888507948061,0.000118656654290759,0.0366201901106387,89.2487076956707,-0.406949541389968,0.409020301459729,-0.994937268242258,0.319766775592149,0.999999489831301,34529,"TRINITY_DN212074_c0_g3_i1","TRINITY_DN212074_c0_g3","TRINITY_DN212074_c0_g3","Transcript_262119","Transcript_262119","gi|831478369|ref|XP_012716460.1| PREDICTED: transient receptor potential cation channel subfamily M member 4-like isoform X1 [Fundulus heteroclitus]"
"98621","ENSXMAP00000017409","59.0960983730222","83.9454646919932","60.3148115176863","123.732281933203","179.22241209035","147.031444647799","26.5457536788079","55.3958419588981","67.9542603692769",89.2487076956707,-1.54613777899442,0.401710559568869,-3.84888507948061,0.000118656654290759,0.0366201901106387,89.2487076956707,-0.406949541389968,0.409020301459729,-0.994937268242258,0.319766775592149,0.999999489831301,86952,"TRINITY_DN214275_c1_g5_i2","TRINITY_DN214275_c1_g5","TRINITY_DN214275_c1_g5","Transcript_429109","Transcript_429109","gi|831478366|ref|XP_012716447.1| PREDICTED: transient receptor potential cation channel subfamily M member 4-like [Fundulus heteroclitus]"
"98622","ENSXMAP00000017409","59.0960983730222","83.9454646919932","60.3148115176863","123.732281933203","179.22241209035","147.031444647799","26.5457536788079","55.3958419588981","67.9542603692769",89.2487076956707,-1.54613777899442,0.401710559568869,-3.84888507948061,0.000118656654290759,0.0366201901106387,89.2487076956707,-0.406949541389968,0.409020301459729,-0.994937268242258,0.319766775592149,0.999999489831301,34527,"TRINITY_DN212074_c0_g3_i1","TRINITY_DN212074_c0_g3","TRINITY_DN212074_c0_g3","Transcript_262119","Transcript_262119","gi|831478366|ref|XP_012716447.1| PREDICTED: transient receptor potential cation channel subfamily M member 4-like [Fundulus heteroclitus]"
"98623","ENSXMAP00000017409","59.0960983730222","83.9454646919932","60.3148115176863","123.732281933203","179.22241209035","147.031444647799","26.5457536788079","55.3958419588981","67.9542603692769",89.2487076956707,-1.54613777899442,0.401710559568869,-3.84888507948061,0.000118656654290759,0.0366201901106387,89.2487076956707,-0.406949541389968,0.409020301459729,-0.994937268242258,0.319766775592149,0.999999489831301,86951,"TRINITY_DN214275_c1_g5_i2","TRINITY_DN214275_c1_g5","TRINITY_DN214275_c1_g5","Transcript_429109","Transcript_429109","gi|831478372|ref|XP_012716468.1| PREDICTED: transient receptor potential cation channel subfamily M member 4-like isoform X2 [Fundulus heteroclitus]"
"98624","ENSXMAP00000017409","59.0960983730222","83.9454646919932","60.3148115176863","123.732281933203","179.22241209035","147.031444647799","26.5457536788079","55.3958419588981","67.9542603692769",89.2487076956707,-1.54613777899442,0.401710559568869,-3.84888507948061,0.000118656654290759,0.0366201901106387,89.2487076956707,-0.406949541389968,0.409020301459729,-0.994937268242258,0.319766775592149,0.999999489831301,34524,"TRINITY_DN212074_c0_g1_i11","TRINITY_DN212074_c0_g1_","TRINITY_DN212074_c0_g1_","Transcript_262117","Transcript_262117","gi|831478366|ref|XP_012716447.1| PREDICTED: transient receptor potential cation channel subfamily M member 4-like [Fundulus heteroclitus]"
"98625","ENSXMAP00000017409","59.0960983730222","83.9454646919932","60.3148115176863","123.732281933203","179.22241209035","147.031444647799","26.5457536788079","55.3958419588981","67.9542603692769",89.2487076956707,-1.54613777899442,0.401710559568869,-3.84888507948061,0.000118656654290759,0.0366201901106387,89.2487076956707,-0.406949541389968,0.409020301459729,-0.994937268242258,0.319766775592149,0.999999489831301,34536,"TRINITY_DN212074_c0_g4_i1","TRINITY_DN212074_c0_g4","TRINITY_DN212074_c0_g4","Transcript_262122","Transcript_262122","gi|831478372|ref|XP_012716468.1| PREDICTED: transient receptor potential cation channel subfamily M member 4-like isoform X2 [Fundulus heteroclitus]"
"98626","ENSXMAP00000017409","59.0960983730222","83.9454646919932","60.3148115176863","123.732281933203","179.22241209035","147.031444647799","26.5457536788079","55.3958419588981","67.9542603692769",89.2487076956707,-1.54613777899442,0.401710559568869,-3.84888507948061,0.000118656654290759,0.0366201901106387,89.2487076956707,-0.406949541389968,0.409020301459729,-0.994937268242258,0.319766775592149,0.999999489831301,86950,"TRINITY_DN214275_c1_g5_i2","TRINITY_DN214275_c1_g5","TRINITY_DN214275_c1_g5","Transcript_429109","Transcript_429109","gi|831478369|ref|XP_012716460.1| PREDICTED: transient receptor potential cation channel subfamily M member 4-like isoform X1 [Fundulus heteroclitus]"
"98627","ENSXMAP00000017409","59.0960983730222","83.9454646919932","60.3148115176863","123.732281933203","179.22241209035","147.031444647799","26.5457536788079","55.3958419588981","67.9542603692769",89.2487076956707,-1.54613777899442,0.401710559568869,-3.84888507948061,0.000118656654290759,0.0366201901106387,89.2487076956707,-0.406949541389968,0.409020301459729,-0.994937268242258,0.319766775592149,0.999999489831301,86955,"TRINITY_DN214275_c1_g5_i4","TRINITY_DN214275_c1_g5","TRINITY_DN214275_c1_g5","Transcript_429112","Transcript_429112","gi|831478369|ref|XP_012716460.1| PREDICTED: transient receptor potential cation channel subfamily M member 4-like isoform X1 [Fundulus heteroclitus]"
"98628","ENSXMAP00000017409","59.0960983730222","83.9454646919932","60.3148115176863","123.732281933203","179.22241209035","147.031444647799","26.5457536788079","55.3958419588981","67.9542603692769",89.2487076956707,-1.54613777899442,0.401710559568869,-3.84888507948061,0.000118656654290759,0.0366201901106387,89.2487076956707,-0.406949541389968,0.409020301459729,-0.994937268242258,0.319766775592149,0.999999489831301,86944,"TRINITY_DN214275_c1_g3_i3","TRINITY_DN214275_c1_g3","TRINITY_DN214275_c1_g3","Transcript_429104","Transcript_429104","gi|831478372|ref|XP_012716468.1| PREDICTED: transient receptor potential cation channel subfamily M member 4-like isoform X2 [Fundulus heteroclitus]"
"98629","ENSXMAP00000017409","59.0960983730222","83.9454646919932","60.3148115176863","123.732281933203","179.22241209035","147.031444647799","26.5457536788079","55.3958419588981","67.9542603692769",89.2487076956707,-1.54613777899442,0.401710559568869,-3.84888507948061,0.000118656654290759,0.0366201901106387,89.2487076956707,-0.406949541389968,0.409020301459729,-0.994937268242258,0.319766775592149,0.999999489831301,86954,"TRINITY_DN214275_c1_g5_i4","TRINITY_DN214275_c1_g5","TRINITY_DN214275_c1_g5","Transcript_429112","Transcript_429112","gi|831478372|ref|XP_012716468.1| PREDICTED: transient receptor potential cation channel subfamily M member 4-like isoform X2 [Fundulus heteroclitus]"
"98630","ENSXMAP00000017409","59.0960983730222","83.9454646919932","60.3148115176863","123.732281933203","179.22241209035","147.031444647799","26.5457536788079","55.3958419588981","67.9542603692769",89.2487076956707,-1.54613777899442,0.401710559568869,-3.84888507948061,0.000118656654290759,0.0366201901106387,89.2487076956707,-0.406949541389968,0.409020301459729,-0.994937268242258,0.319766775592149,0.999999489831301,34537,"TRINITY_DN212074_c0_g4_i1","TRINITY_DN212074_c0_g4","TRINITY_DN212074_c0_g4","Transcript_262122","Transcript_262122","gi|831478369|ref|XP_012716460.1| PREDICTED: transient receptor potential cation channel subfamily M member 4-like isoform X1 [Fundulus heteroclitus]"
"98631","ENSXMAP00000017409","59.0960983730222","83.9454646919932","60.3148115176863","123.732281933203","179.22241209035","147.031444647799","26.5457536788079","55.3958419588981","67.9542603692769",89.2487076956707,-1.54613777899442,0.401710559568869,-3.84888507948061,0.000118656654290759,0.0366201901106387,89.2487076956707,-0.406949541389968,0.409020301459729,-0.994937268242258,0.319766775592149,0.999999489831301,86953,"TRINITY_DN214275_c1_g5_i4","TRINITY_DN214275_c1_g5","TRINITY_DN214275_c1_g5","Transcript_429112","Transcript_429112","gi|831478366|ref|XP_012716447.1| PREDICTED: transient receptor potential cation channel subfamily M member 4-like [Fundulus heteroclitus]"
"99690","ENSXMAP00000017681","10.4122871420961","0","73.7503555268879","4.30429557048418","0","1.67461292171787","194.350761272822","54.1083739039415","121.651982243166",51.1391853979017,6.08055031745637,1.47580540909271,4.12015722397614,3.78613950487333e-05,0.0152731515998894,51.1391853979017,2.14275542906723,1.31607856411333,1.62813641031442,0.103495964625847,0.999999489831301,22820,"TRINITY_DN198072_c0_g1_i1","TRINITY_DN198072_c0_g1","TRINITY_DN198072_c0_g1","Transcript_205907","Transcript_205907","gi|831571105|ref|XP_012734932.1| PREDICTED: 39S ribosomal protein L43, mitochondrial, partial [Fundulus heteroclitus]"
"99691","ENSXMAP00000017681","10.4122871420961","0","73.7503555268879","4.30429557048418","0","1.67461292171787","194.350761272822","54.1083739039415","121.651982243166",51.1391853979017,6.08055031745637,1.47580540909271,4.12015722397614,3.78613950487333e-05,0.0152731515998894,51.1391853979017,2.14275542906723,1.31607856411333,1.62813641031442,0.103495964625847,0.999999489831301,22821,"TRINITY_DN198072_c0_g1_i2","TRINITY_DN198072_c0_g1","TRINITY_DN198072_c0_g1","Transcript_205908","Transcript_205908","gi|831571105|ref|XP_012734932.1| PREDICTED: 39S ribosomal protein L43, mitochondrial, partial [Fundulus heteroclitus]"
"109658","gi|831478614|ref|XP_012717344.1| PREDICTED: uncharacterized protein LOC105925838 isoform X2 [Fundulus heteroclitus]","267.49259561934","329.766396703674","335.048042495517","593.245483084825","216.075465516041","672.278735698981","122.726421530937","135.461131058623","149.767263809807",313.540170613083,-1.85852620826384,0.406997312190818,-4.56643361662418,4.96092041983695e-06,0.00340747519053328,313.540170613083,-1.19019901371018,0.407636853485188,-2.91975321547669,0.00350308673195513,0.338037897219666,9561,"TRINITY_DN198569_c2_g1_i2","TRINITY_DN198569_c2_g1","TRINITY_DN198569_c2_g1","Transcript_110153","Transcript_110153","gi|831478614|ref|XP_012717344.1| PREDICTED: uncharacterized protein LOC105925838 isoform X2 [Fundulus heteroclitus]"
"109659","gi|831478614|ref|XP_012717344.1| PREDICTED: uncharacterized protein LOC105925838 isoform X2 [Fundulus heteroclitus]","267.49259561934","329.766396703674","335.048042495517","593.245483084825","216.075465516041","672.278735698981","122.726421530937","135.461131058623","149.767263809807",313.540170613083,-1.85852620826384,0.406997312190818,-4.56643361662418,4.96092041983695e-06,0.00340747519053328,313.540170613083,-1.19019901371018,0.407636853485188,-2.91975321547669,0.00350308673195513,0.338037897219666,9563,"TRINITY_DN198569_c2_g1_i3","TRINITY_DN198569_c2_g1","TRINITY_DN198569_c2_g1","Transcript_110154","Transcript_110154","gi|831478617|ref|XP_012717352.1| PREDICTED: uncharacterized protein LOC105925838 isoform X3 [Fundulus heteroclitus]"
"109660","gi|831478614|ref|XP_012717344.1| PREDICTED: uncharacterized protein LOC105925838 isoform X2 [Fundulus heteroclitus]","267.49259561934","329.766396703674","335.048042495517","593.245483084825","216.075465516041","672.278735698981","122.726421530937","135.461131058623","149.767263809807",313.540170613083,-1.85852620826384,0.406997312190818,-4.56643361662418,4.96092041983695e-06,0.00340747519053328,313.540170613083,-1.19019901371018,0.407636853485188,-2.91975321547669,0.00350308673195513,0.338037897219666,9558,"TRINITY_DN198569_c2_g1_i1","TRINITY_DN198569_c2_g1","TRINITY_DN198569_c2_g1","Transcript_110152","Transcript_110152","gi|831478614|ref|XP_012717344.1| PREDICTED: uncharacterized protein LOC105925838 isoform X2 [Fundulus heteroclitus]"
"109661","gi|831478614|ref|XP_012717344.1| PREDICTED: uncharacterized protein LOC105925838 isoform X2 [Fundulus heteroclitus]","267.49259561934","329.766396703674","335.048042495517","593.245483084825","216.075465516041","672.278735698981","122.726421530937","135.461131058623","149.767263809807",313.540170613083,-1.85852620826384,0.406997312190818,-4.56643361662418,4.96092041983695e-06,0.00340747519053328,313.540170613083,-1.19019901371018,0.407636853485188,-2.91975321547669,0.00350308673195513,0.338037897219666,9562,"TRINITY_DN198569_c2_g1_i3","TRINITY_DN198569_c2_g1","TRINITY_DN198569_c2_g1","Transcript_110154","Transcript_110154","gi|831478614|ref|XP_012717344.1| PREDICTED: uncharacterized protein LOC105925838 isoform X2 [Fundulus heteroclitus]"
"109662","gi|831478614|ref|XP_012717344.1| PREDICTED: uncharacterized protein LOC105925838 isoform X2 [Fundulus heteroclitus]","267.49259561934","329.766396703674","335.048042495517","593.245483084825","216.075465516041","672.278735698981","122.726421530937","135.461131058623","149.767263809807",313.540170613083,-1.85852620826384,0.406997312190818,-4.56643361662418,4.96092041983695e-06,0.00340747519053328,313.540170613083,-1.19019901371018,0.407636853485188,-2.91975321547669,0.00350308673195513,0.338037897219666,9559,"TRINITY_DN198569_c2_g1_i1","TRINITY_DN198569_c2_g1","TRINITY_DN198569_c2_g1","Transcript_110152","Transcript_110152","gi|831478617|ref|XP_012717352.1| PREDICTED: uncharacterized protein LOC105925838 isoform X3 [Fundulus heteroclitus]"
"109663","gi|831478614|ref|XP_012717344.1| PREDICTED: uncharacterized protein LOC105925838 isoform X2 [Fundulus heteroclitus]","267.49259561934","329.766396703674","335.048042495517","593.245483084825","216.075465516041","672.278735698981","122.726421530937","135.461131058623","149.767263809807",313.540170613083,-1.85852620826384,0.406997312190818,-4.56643361662418,4.96092041983695e-06,0.00340747519053328,313.540170613083,-1.19019901371018,0.407636853485188,-2.91975321547669,0.00350308673195513,0.338037897219666,9560,"TRINITY_DN198569_c2_g1_i2","TRINITY_DN198569_c2_g1","TRINITY_DN198569_c2_g1","Transcript_110153","Transcript_110153","gi|831478617|ref|XP_012717352.1| PREDICTED: uncharacterized protein LOC105925838 isoform X3 [Fundulus heteroclitus]"
"114580","gi|831491801|ref|XP_012707383.1| PREDICTED: interferon-induced 35 kDa protein [Fundulus heteroclitus]","561.961639265039","527.419449428522","542.365721805825","716.147473487768","844.875445894414","468.593013649952","152.74104057114","375.606460648685","178.711645250177",485.380210000169,-1.51473405832268,0.381432748360593,-3.9711693996728,7.15206993977477e-05,0.0247132397649138,485.380210000169,-1.20099200945682,0.381619505887492,-3.14709282656766,0.00164902600863003,0.232785596851999,88077,"TRINITY_DN205689_c0_g2_i8","TRINITY_DN205689_c0_g2","TRINITY_DN205689_c0_g2","Transcript_431945","Transcript_431945","gi|831491801|ref|XP_012707383.1| PREDICTED: interferon-induced 35 kDa protein [Fundulus heteroclitus]"
"116322","gi|831496891|ref|XP_012709186.1| PREDICTED: polyserase-2-like [Fundulus heteroclitus]","13.1641024581733","19.3511872749299","42.5625451115323","21.9311558751059","46.4388656797214","50.1902373717534","5.40961659345637","5.27079120166172","1.45103504078634",22.8632818452356,-3.40419858996566,0.844605868918181,-4.03051732795315,5.56542257055772e-05,0.0199870817365306,22.8632818452356,-2.73452887756201,0.849523739348291,-3.21889636616841,0.00128684984173533,0.202878221175555,25136,"TRINITY_DN197933_c6_g1_i1","TRINITY_DN197933_c6_g1","TRINITY_DN197933_c6_g1","Transcript_217048","Transcript_217048","gi|831496891|ref|XP_012709186.1| PREDICTED: polyserase-2-like [Fundulus heteroclitus]"
"116323","gi|831496891|ref|XP_012709186.1| PREDICTED: polyserase-2-like [Fundulus heteroclitus]","13.1641024581733","19.3511872749299","42.5625451115323","21.9311558751059","46.4388656797214","50.1902373717534","5.40961659345637","5.27079120166172","1.45103504078634",22.8632818452356,-3.40419858996566,0.844605868918181,-4.03051732795315,5.56542257055772e-05,0.0199870817365306,22.8632818452356,-2.73452887756201,0.849523739348291,-3.21889636616841,0.00128684984173533,0.202878221175555,142480,"TRINITY_DN204283_c2_g3_i1","TRINITY_DN204283_c2_g3","TRINITY_DN204283_c2_g3","Transcript_593131","Transcript_593131","gi|831496891|ref|XP_012709186.1| PREDICTED: polyserase-2-like [Fundulus heteroclitus]"
"116324","gi|831496891|ref|XP_012709186.1| PREDICTED: polyserase-2-like [Fundulus heteroclitus]","13.1641024581733","19.3511872749299","42.5625451115323","21.9311558751059","46.4388656797214","50.1902373717534","5.40961659345637","5.27079120166172","1.45103504078634",22.8632818452356,-3.40419858996566,0.844605868918181,-4.03051732795315,5.56542257055772e-05,0.0199870817365306,22.8632818452356,-2.73452887756201,0.849523739348291,-3.21889636616841,0.00128684984173533,0.202878221175555,142481,"TRINITY_DN204283_c2_g3_i1","TRINITY_DN204283_c2_g3","TRINITY_DN204283_c2_g3","Transcript_593131","Transcript_593131","gi|831513579|ref|XP_012714967.1| PREDICTED: transmembrane protease serine 9-like, partial [Fundulus heteroclitus]"
"120472","gi|831507698|ref|XP_012712984.1| PREDICTED: neoverrucotoxin subunit beta-like [Fundulus heteroclitus]","6.15663438746871","7.23135772640718","12.2498552611974","4.07334707882469","3.54097244796674","0.74507779478536","9.69156679882912","181.773309064825","24.1578981557767",27.7355576351201,4.72330083386252,1.12401882006421,4.20215458099955,2.64386487724962e-05,0.0119904780235098,27.7355576351201,3.09136686548415,1.05262531343515,2.93681600283366,0.00331600785118756,0.335907093957176,6858,"TRINITY_DN193681_c0_g2_i1","TRINITY_DN193681_c0_g2","TRINITY_DN193681_c0_g2","Transcript_88034","Transcript_88034","gi|831507698|ref|XP_012712984.1| PREDICTED: neoverrucotoxin subunit beta-like [Fundulus heteroclitus]"
"120473","gi|831507698|ref|XP_012712984.1| PREDICTED: neoverrucotoxin subunit beta-like [Fundulus heteroclitus]","6.15663438746871","7.23135772640718","12.2498552611974","4.07334707882469","3.54097244796674","0.74507779478536","9.69156679882912","181.773309064825","24.1578981557767",27.7355576351201,4.72330083386252,1.12401882006421,4.20215458099955,2.64386487724962e-05,0.0119904780235098,27.7355576351201,3.09136686548415,1.05262531343515,2.93681600283366,0.00331600785118756,0.335907093957176,54961,"TRINITY_DN203977_c5_g11_i2","TRINITY_DN203977_c5_g11","TRINITY_DN203977_c5_g11","Transcript_326060","Transcript_326060","gi|831507698|ref|XP_012712984.1| PREDICTED: neoverrucotoxin subunit beta-like [Fundulus heteroclitus]"
"120474","gi|831507698|ref|XP_012712984.1| PREDICTED: neoverrucotoxin subunit beta-like [Fundulus heteroclitus]","6.15663438746871","7.23135772640718","12.2498552611974","4.07334707882469","3.54097244796674","0.74507779478536","9.69156679882912","181.773309064825","24.1578981557767",27.7355576351201,4.72330083386252,1.12401882006421,4.20215458099955,2.64386487724962e-05,0.0119904780235098,27.7355576351201,3.09136686548415,1.05262531343515,2.93681600283366,0.00331600785118756,0.335907093957176,54962,"TRINITY_DN203977_c5_g11_i5","TRINITY_DN203977_c5_g11","TRINITY_DN203977_c5_g11","Transcript_326063","Transcript_326063","gi|831507698|ref|XP_012712984.1| PREDICTED: neoverrucotoxin subunit beta-like [Fundulus heteroclitus]"
"120475","gi|831507698|ref|XP_012712984.1| PREDICTED: neoverrucotoxin subunit beta-like [Fundulus heteroclitus]","6.15663438746871","7.23135772640718","12.2498552611974","4.07334707882469","3.54097244796674","0.74507779478536","9.69156679882912","181.773309064825","24.1578981557767",27.7355576351201,4.72330083386252,1.12401882006421,4.20215458099955,2.64386487724962e-05,0.0119904780235098,27.7355576351201,3.09136686548415,1.05262531343515,2.93681600283366,0.00331600785118756,0.335907093957176,6857,"TRINITY_DN193681_c0_g1_i1","TRINITY_DN193681_c0_g1","TRINITY_DN193681_c0_g1","Transcript_88033","Transcript_88033","gi|831507698|ref|XP_012712984.1| PREDICTED: neoverrucotoxin subunit beta-like [Fundulus heteroclitus]"
"120476","gi|831507698|ref|XP_012712984.1| PREDICTED: neoverrucotoxin subunit beta-like [Fundulus heteroclitus]","6.15663438746871","7.23135772640718","12.2498552611974","4.07334707882469","3.54097244796674","0.74507779478536","9.69156679882912","181.773309064825","24.1578981557767",27.7355576351201,4.72330083386252,1.12401882006421,4.20215458099955,2.64386487724962e-05,0.0119904780235098,27.7355576351201,3.09136686548415,1.05262531343515,2.93681600283366,0.00331600785118756,0.335907093957176,23022,"TRINITY_DN198011_c18_g1_i2","TRINITY_DN198011_c18_g1","TRINITY_DN198011_c18_g1","Transcript_206489","Transcript_206489","gi|831507698|ref|XP_012712984.1| PREDICTED: neoverrucotoxin subunit beta-like [Fundulus heteroclitus]"
"120477","gi|831507698|ref|XP_012712984.1| PREDICTED: neoverrucotoxin subunit beta-like [Fundulus heteroclitus]","6.15663438746871","7.23135772640718","12.2498552611974","4.07334707882469","3.54097244796674","0.74507779478536","9.69156679882912","181.773309064825","24.1578981557767",27.7355576351201,4.72330083386252,1.12401882006421,4.20215458099955,2.64386487724962e-05,0.0119904780235098,27.7355576351201,3.09136686548415,1.05262531343515,2.93681600283366,0.00331600785118756,0.335907093957176,54960,"TRINITY_DN203977_c5_g11_i1","TRINITY_DN203977_c5_g11","TRINITY_DN203977_c5_g11","Transcript_326059","Transcript_326059","gi|831507698|ref|XP_012712984.1| PREDICTED: neoverrucotoxin subunit beta-like [Fundulus heteroclitus]"
"120719","gi|831508309|ref|XP_012713186.1| PREDICTED: annexin A1-like isoform X1 [Fundulus heteroclitus]","379.577476046551","397.269600504843","390.127355066438","479.506679548063","485.915205024208","515.251999078381","253.249511128734","277.038429269284","161.072778238074",371.001003767175,-1.10291357301966,0.242080379260206,-4.55598085392192,5.21416860051998e-06,0.00340747519053328,371.001003767175,-0.759101566173398,0.242646023647132,-3.12843192220336,0.00175741717193051,0.240911128940345,118295,"TRINITY_DN207931_c2_g1_i6","TRINITY_DN207931_c2_g1","TRINITY_DN207931_c2_g1","Transcript_518709","Transcript_518709","gi|831508312|ref|XP_012713187.1| PREDICTED: annexin A1-like isoform X1 [Fundulus heteroclitus]"
"120720","gi|831508309|ref|XP_012713186.1| PREDICTED: annexin A1-like isoform X1 [Fundulus heteroclitus]","379.577476046551","397.269600504843","390.127355066438","479.506679548063","485.915205024208","515.251999078381","253.249511128734","277.038429269284","161.072778238074",371.001003767175,-1.10291357301966,0.242080379260206,-4.55598085392192,5.21416860051998e-06,0.00340747519053328,371.001003767175,-0.759101566173398,0.242646023647132,-3.12843192220336,0.00175741717193051,0.240911128940345,118293,"TRINITY_DN207931_c2_g1_i1","TRINITY_DN207931_c2_g1","TRINITY_DN207931_c2_g1","Transcript_518703","Transcript_518703","gi|831508309|ref|XP_012713186.1| PREDICTED: annexin A1-like isoform X1 [Fundulus heteroclitus]"
"120721","gi|831508309|ref|XP_012713186.1| PREDICTED: annexin A1-like isoform X1 [Fundulus heteroclitus]","379.577476046551","397.269600504843","390.127355066438","479.506679548063","485.915205024208","515.251999078381","253.249511128734","277.038429269284","161.072778238074",371.001003767175,-1.10291357301966,0.242080379260206,-4.55598085392192,5.21416860051998e-06,0.00340747519053328,371.001003767175,-0.759101566173398,0.242646023647132,-3.12843192220336,0.00175741717193051,0.240911128940345,118294,"TRINITY_DN207931_c2_g1_i6","TRINITY_DN207931_c2_g1","TRINITY_DN207931_c2_g1","Transcript_518709","Transcript_518709","gi|831508309|ref|XP_012713186.1| PREDICTED: annexin A1-like isoform X1 [Fundulus heteroclitus]"
"125910","gi|831521363|ref|XP_012717602.1| PREDICTED: inter-alpha-trypsin inhibitor heavy chain H3-like [Fundulus heteroclitus]","43.3043994257048","28.2600070197289","16.2158494989419","15.8072755986634","6.12330716340351","6.02918713285126","67.8193316593326","38.1199987990033","173.339064312079",43.8909356233009,3.40343032351853,0.749806857768722,4.53907601438386,5.6501266578134e-06,0.00340747519053328,43.8909356233009,1.67021945983205,0.707014877518589,2.36235405072949,0.018159290186589,0.675706614162241,31615,"TRINITY_DN208491_c4_g2_i5","TRINITY_DN208491_c4_g2","TRINITY_DN208491_c4_g2","Transcript_254662","Transcript_254662","gi|831521363|ref|XP_012717602.1| PREDICTED: inter-alpha-trypsin inhibitor heavy chain H3-like [Fundulus heteroclitus]"
"125911","gi|831521363|ref|XP_012717602.1| PREDICTED: inter-alpha-trypsin inhibitor heavy chain H3-like [Fundulus heteroclitus]","43.3043994257048","28.2600070197289","16.2158494989419","15.8072755986634","6.12330716340351","6.02918713285126","67.8193316593326","38.1199987990033","173.339064312079",43.8909356233009,3.40343032351853,0.749806857768722,4.53907601438386,5.6501266578134e-06,0.00340747519053328,43.8909356233009,1.67021945983205,0.707014877518589,2.36235405072949,0.018159290186589,0.675706614162241,31612,"TRINITY_DN208491_c4_g2_i2","TRINITY_DN208491_c4_g2","TRINITY_DN208491_c4_g2","Transcript_254659","Transcript_254659","gi|831521363|ref|XP_012717602.1| PREDICTED: inter-alpha-trypsin inhibitor heavy chain H3-like [Fundulus heteroclitus]"
"125912","gi|831521363|ref|XP_012717602.1| PREDICTED: inter-alpha-trypsin inhibitor heavy chain H3-like [Fundulus heteroclitus]","43.3043994257048","28.2600070197289","16.2158494989419","15.8072755986634","6.12330716340351","6.02918713285126","67.8193316593326","38.1199987990033","173.339064312079",43.8909356233009,3.40343032351853,0.749806857768722,4.53907601438386,5.6501266578134e-06,0.00340747519053328,43.8909356233009,1.67021945983205,0.707014877518589,2.36235405072949,0.018159290186589,0.675706614162241,31610,"TRINITY_DN208491_c4_g1_i2","TRINITY_DN208491_c4_g1","TRINITY_DN208491_c4_g1","Transcript_254657","Transcript_254657","gi|831521363|ref|XP_012717602.1| PREDICTED: inter-alpha-trypsin inhibitor heavy chain H3-like [Fundulus heteroclitus]"
"125913","gi|831521363|ref|XP_012717602.1| PREDICTED: inter-alpha-trypsin inhibitor heavy chain H3-like [Fundulus heteroclitus]","43.3043994257048","28.2600070197289","16.2158494989419","15.8072755986634","6.12330716340351","6.02918713285126","67.8193316593326","38.1199987990033","173.339064312079",43.8909356233009,3.40343032351853,0.749806857768722,4.53907601438386,5.6501266578134e-06,0.00340747519053328,43.8909356233009,1.67021945983205,0.707014877518589,2.36235405072949,0.018159290186589,0.675706614162241,31611,"TRINITY_DN208491_c4_g2_i1","TRINITY_DN208491_c4_g2","TRINITY_DN208491_c4_g2","Transcript_254658","Transcript_254658","gi|831521363|ref|XP_012717602.1| PREDICTED: inter-alpha-trypsin inhibitor heavy chain H3-like [Fundulus heteroclitus]"
"125914","gi|831521363|ref|XP_012717602.1| PREDICTED: inter-alpha-trypsin inhibitor heavy chain H3-like [Fundulus heteroclitus]","43.3043994257048","28.2600070197289","16.2158494989419","15.8072755986634","6.12330716340351","6.02918713285126","67.8193316593326","38.1199987990033","173.339064312079",43.8909356233009,3.40343032351853,0.749806857768722,4.53907601438386,5.6501266578134e-06,0.00340747519053328,43.8909356233009,1.67021945983205,0.707014877518589,2.36235405072949,0.018159290186589,0.675706614162241,31618,"TRINITY_DN208491_c4_g2_i8","TRINITY_DN208491_c4_g2","TRINITY_DN208491_c4_g2","Transcript_254665","Transcript_254665","gi|831521363|ref|XP_012717602.1| PREDICTED: inter-alpha-trypsin inhibitor heavy chain H3-like [Fundulus heteroclitus]"
"125915","gi|831521363|ref|XP_012717602.1| PREDICTED: inter-alpha-trypsin inhibitor heavy chain H3-like [Fundulus heteroclitus]","43.3043994257048","28.2600070197289","16.2158494989419","15.8072755986634","6.12330716340351","6.02918713285126","67.8193316593326","38.1199987990033","173.339064312079",43.8909356233009,3.40343032351853,0.749806857768722,4.53907601438386,5.6501266578134e-06,0.00340747519053328,43.8909356233009,1.67021945983205,0.707014877518589,2.36235405072949,0.018159290186589,0.675706614162241,31609,"TRINITY_DN208491_c4_g1_i1","TRINITY_DN208491_c4_g1","TRINITY_DN208491_c4_g1","Transcript_254656","Transcript_254656","gi|831521363|ref|XP_012717602.1| PREDICTED: inter-alpha-trypsin inhibitor heavy chain H3-like [Fundulus heteroclitus]"
"125916","gi|831521363|ref|XP_012717602.1| PREDICTED: inter-alpha-trypsin inhibitor heavy chain H3-like [Fundulus heteroclitus]","43.3043994257048","28.2600070197289","16.2158494989419","15.8072755986634","6.12330716340351","6.02918713285126","67.8193316593326","38.1199987990033","173.339064312079",43.8909356233009,3.40343032351853,0.749806857768722,4.53907601438386,5.6501266578134e-06,0.00340747519053328,43.8909356233009,1.67021945983205,0.707014877518589,2.36235405072949,0.018159290186589,0.675706614162241,31614,"TRINITY_DN208491_c4_g2_i4","TRINITY_DN208491_c4_g2","TRINITY_DN208491_c4_g2","Transcript_254661","Transcript_254661","gi|831521363|ref|XP_012717602.1| PREDICTED: inter-alpha-trypsin inhibitor heavy chain H3-like [Fundulus heteroclitus]"
"125917","gi|831521363|ref|XP_012717602.1| PREDICTED: inter-alpha-trypsin inhibitor heavy chain H3-like [Fundulus heteroclitus]","43.3043994257048","28.2600070197289","16.2158494989419","15.8072755986634","6.12330716340351","6.02918713285126","67.8193316593326","38.1199987990033","173.339064312079",43.8909356233009,3.40343032351853,0.749806857768722,4.53907601438386,5.6501266578134e-06,0.00340747519053328,43.8909356233009,1.67021945983205,0.707014877518589,2.36235405072949,0.018159290186589,0.675706614162241,31613,"TRINITY_DN208491_c4_g2_i3","TRINITY_DN208491_c4_g2","TRINITY_DN208491_c4_g2","Transcript_254660","Transcript_254660","gi|831521363|ref|XP_012717602.1| PREDICTED: inter-alpha-trypsin inhibitor heavy chain H3-like [Fundulus heteroclitus]"
"126101","gi|831522115|ref|XP_012717872.1| PREDICTED: uncharacterized protein C11orf96 homolog [Fundulus heteroclitus]","303.880785731552","288.200813288436","396.831166719638","251.028851556958","343.137023866946","209.234317469551","546.9717320632","476.143107607013","590.270343217724",378.410904613447,1.01148445282484,0.26290911678352,3.84727796890244,0.000119437433867212,0.0366201901106387,378.410904613447,0.708513741462327,0.261716295996045,2.70718236617958,0.00678569705938922,0.463144512404105,48676,"TRINITY_DN200675_c0_g2_i1","TRINITY_DN200675_c0_g2","TRINITY_DN200675_c0_g2","Transcript_304539","Transcript_304539","gi|831522115|ref|XP_012717872.1| PREDICTED: uncharacterized protein C11orf96 homolog [Fundulus heteroclitus]"
"127661","gi|831526826|ref|XP_012719547.1| PREDICTED: integrin beta-4 isoform X1 [Fundulus heteroclitus]","16.3564777386217","1.77067170489058","21.2078184958775","0.846692201758282","0","0","14.5412623075118","20.8623077111646","41.827779368464",13.0458899475876,6.28284455636088,1.56872032992498,4.00507626280417,6.19974761126793e-05,0.0217681138305954,13.0458899475876,0.995004208934313,1.05913478048488,0.939450037207535,0.347499732931875,0.999999489831301,125859,"TRINITY_DN209132_c3_g1_i3","TRINITY_DN209132_c3_g1","TRINITY_DN209132_c3_g1","Transcript_541402","Transcript_541402","gi|831526826|ref|XP_012719547.1| PREDICTED: integrin beta-4 isoform X1 [Fundulus heteroclitus]"
"127662","gi|831526826|ref|XP_012719547.1| PREDICTED: integrin beta-4 isoform X1 [Fundulus heteroclitus]","16.3564777386217","1.77067170489058","21.2078184958775","0.846692201758282","0","0","14.5412623075118","20.8623077111646","41.827779368464",13.0458899475876,6.28284455636088,1.56872032992498,4.00507626280417,6.19974761126793e-05,0.0217681138305954,13.0458899475876,0.995004208934313,1.05913478048488,0.939450037207535,0.347499732931875,0.999999489831301,125860,"TRINITY_DN209132_c3_g1_i3","TRINITY_DN209132_c3_g1","TRINITY_DN209132_c3_g1","Transcript_541402","Transcript_541402","gi|831526835|ref|XP_012719550.1| PREDICTED: integrin beta-4 isoform X3 [Fundulus heteroclitus]"
"127663","gi|831526826|ref|XP_012719547.1| PREDICTED: integrin beta-4 isoform X1 [Fundulus heteroclitus]","16.3564777386217","1.77067170489058","21.2078184958775","0.846692201758282","0","0","14.5412623075118","20.8623077111646","41.827779368464",13.0458899475876,6.28284455636088,1.56872032992498,4.00507626280417,6.19974761126793e-05,0.0217681138305954,13.0458899475876,0.995004208934313,1.05913478048488,0.939450037207535,0.347499732931875,0.999999489831301,125861,"TRINITY_DN209132_c3_g1_i3","TRINITY_DN209132_c3_g1","TRINITY_DN209132_c3_g1","Transcript_541402","Transcript_541402","gi|831526829|ref|XP_012719548.1| PREDICTED: integrin beta-4 isoform X1 [Fundulus heteroclitus]"
"127664","gi|831526826|ref|XP_012719547.1| PREDICTED: integrin beta-4 isoform X1 [Fundulus heteroclitus]","16.3564777386217","1.77067170489058","21.2078184958775","0.846692201758282","0","0","14.5412623075118","20.8623077111646","41.827779368464",13.0458899475876,6.28284455636088,1.56872032992498,4.00507626280417,6.19974761126793e-05,0.0217681138305954,13.0458899475876,0.995004208934313,1.05913478048488,0.939450037207535,0.347499732931875,0.999999489831301,125862,"TRINITY_DN209132_c3_g1_i3","TRINITY_DN209132_c3_g1","TRINITY_DN209132_c3_g1","Transcript_541402","Transcript_541402","gi|831526832|ref|XP_012719549.1| PREDICTED: integrin beta-4 isoform X2 [Fundulus heteroclitus]"
"130100","gi|831535078|ref|XP_012722483.1| PREDICTED: uncharacterized protein LOC105929310 [Fundulus heteroclitus]","50.0465230489752","61.8574930856241","46.1733047494098","10.2133039720437","36.9260234369101","52.1961643276919","168.374100819251","125.75565420956","326.689491583884",97.5813399148167,2.64486333655557,0.593362415704393,4.45741635559407,8.29533885620161e-06,0.00463028798873469,97.5813399148167,1.97382360684745,0.586249618196444,3.36686548798067,0.000760277622882914,0.144240128334575,65356,"TRINITY_DN203543_c1_g1_i1","TRINITY_DN203543_c1_g1","TRINITY_DN203543_c1_g1","Transcript_361495","Transcript_361495","gi|831535078|ref|XP_012722483.1| PREDICTED: uncharacterized protein LOC105929310 [Fundulus heteroclitus]"
"134981","gi|831549271|ref|XP_012727590.1| PREDICTED: rab11 family-interacting protein 1-like isoform X2 [Fundulus heteroclitus]","10.4373197233975","43.3385062606204","55.7670289946395","108.423890061582","97.2304335465773","188.435495432512","0","8.40327045381863","22.4857936912869",59.3913042404927,-3.60723654638496,0.877412301483729,-4.11122176003804,3.93570960951081e-05,0.0152993683016859,59.3913042404927,-1.75465731238394,0.884101197836515,-1.98467926146664,0.0471801675731104,0.8791336697805,98826,"TRINITY_DN214684_c1_g2_i2","TRINITY_DN214684_c1_g2","TRINITY_DN214684_c1_g2","Transcript_466286","Transcript_466286","gi|831549271|ref|XP_012727590.1| PREDICTED: rab11 family-interacting protein 1-like isoform X2 [Fundulus heteroclitus]"
"134982","gi|831549271|ref|XP_012727590.1| PREDICTED: rab11 family-interacting protein 1-like isoform X2 [Fundulus heteroclitus]","10.4373197233975","43.3385062606204","55.7670289946395","108.423890061582","97.2304335465773","188.435495432512","0","8.40327045381863","22.4857936912869",59.3913042404927,-3.60723654638496,0.877412301483729,-4.11122176003804,3.93570960951081e-05,0.0152993683016859,59.3913042404927,-1.75465731238394,0.884101197836515,-1.98467926146664,0.0471801675731104,0.8791336697805,98827,"TRINITY_DN214684_c1_g2_i2","TRINITY_DN214684_c1_g2","TRINITY_DN214684_c1_g2","Transcript_466286","Transcript_466286","gi|831549268|ref|XP_012727589.1| PREDICTED: rab11 family-interacting protein 1-like isoform X1 [Fundulus heteroclitus]"
